Scheme_Name,CAGR_1Yr,CAGR_3Yr,CAGR_5Yr,Sharpe_Ratio,Sortino_Ratio,Alpha,Beta,Max_Drawdown,DD_Start_Date,DD_End_Date,Expense_Ratio,rank_3yr,rank_sharpe,rank_alpha,rank_expense,rank_mdd,Scorecard_Score
Scheme_7,0.48815645771370453,0.29922896033768076,0.2651375420326534,1.026875383476768,1.7428560654563605,0.26123600485360965,0.0128770354107234,-0.2302581718854152,2022-02-21,2022-08-12,0.007514047615690891,84.61538461538461,92.3076923076923,94.87179487179486,87.17948717948718,64.1025641025641,86.92307692307692
Scheme_1,0.3465851740922443,0.44209258940345975,0.3129958641932733,1.0338368240771338,1.8369971581172184,0.25578781449671883,0.02495785890705924,-0.21812532926145034,2023-01-20,2023-08-07,0.01500908013415159,100.0,94.87179487179486,92.3076923076923,43.58974358974359,74.35897435897436,86.15384615384615
Scheme_11,0.31836277728759965,0.3075103868716358,0.27675877044336405,1.1857689273843872,2.0567829702357847,0.2894679626142551,0.044002341818917504,-0.1691808996183558,2023-05-05,2023-06-15,0.022216841985264132,87.17948717948718,100.0,100.0,5.128205128205128,92.3076923076923,81.15384615384616
Scheme_31,0.07368491992061399,0.36203917598743574,0.29730385896920386,1.1193226106653353,1.8458774377044023,0.2812759136772551,-0.020071459540679033,-0.20713166772862057,2025-06-24,2026-03-17,0.02190063200448114,92.3076923076923,97.43589743589743,97.43589743589743,10.256410256410255,79.48717948717949,81.02564102564102
Scheme_26,0.03291251494944536,0.24059163345911405,0.240461180797239,0.968397225725006,1.7079404312093178,0.2549078499237535,0.015083829082250899,-0.15666989035421786,2024-12-31,2025-02-05,0.01602458559454364,79.48717948717949,87.17948717948718,89.74358974358975,35.8974358974359,97.43589743589743,78.71794871794873
Scheme_20,0.5571613309331767,0.3819732712835653,0.2654391524830444,0.912962905704208,1.6227899413114748,0.23887181370139982,-0.011930813204288291,-0.2262698232975484,2022-09-29,2023-01-17,0.016074209252621013,97.43589743589743,82.05128205128204,82.05128205128204,33.33333333333333,69.23076923076923,78.07692307692307
Scheme_24,0.3510704806155567,0.2390414166498358,0.28657234101915363,0.9785344556817409,1.6591129681859282,0.24875201798413876,0.03554240542297553,-0.16245866873518078,2024-11-26,2025-04-17,0.01963933818542498,76.92307692307693,89.74358974358975,87.17948717948718,23.076923076923077,94.87179487179486,75.89743589743591
Scheme_38,0.4228188297267119,0.3425609483649539,0.23142379399502255,0.812916328960495,1.3821716404252455,0.22231157739877191,0.011220334224678408,-0.2612845723695242,2021-08-03,2022-05-17,0.014986811283082588,89.74358974358975,71.7948717948718,71.7948717948718,46.15384615384615,43.58974358974359,70.51282051282053
Scheme_13,0.3046416985837077,0.22282348124413942,0.26306128874247325,0.9440203180685642,1.7242930805819605,0.2421655996241859,0.017429753652500532,-0.1840443899500066,2023-09-28,2024-03-19,0.022135381292513818,71.7948717948718,84.61538461538461,84.61538461538461,7.6923076923076925,87.17948717948718,69.48717948717949
Scheme_17,-0.045740088640263465,0.1945853419676351,0.24048480978095266,0.8071694006716912,1.425530590192339,0.21817612073787007,-0.015987656606743554,-0.13660874719779992,2022-08-23,2022-11-21,0.013126163213276108,64.1025641025641,69.23076923076923,69.23076923076923,58.97435897435898,100.0,69.23076923076923
Scheme_2,0.0788537316635638,0.1502240823712495,0.23837586652611265,0.8423772132814668,1.4336154845962572,0.22309225194756505,0.0036663280769457323,-0.16959921462627736,2023-03-15,2023-06-27,0.008944332179214313,48.717948717948715,74.35897435897436,74.35897435897436,74.35897435897436,89.74358974358975,68.2051282051282
Scheme_14,0.27428404936968853,0.23529812692133434,0.2524894040386838,0.9093455551947045,1.5166250096423237,0.23726011462231184,0.008336472701654421,-0.25153126454228214,2024-06-07,2025-01-20,0.017177098768706534,74.35897435897436,79.48717948717949,79.48717948717949,28.205128205128204,53.84615384615385,67.6923076923077
Scheme_33,0.021217183744322687,0.16827477205053243,0.14991533099623755,0.5969531716610477,1.007732480347357,0.1894811416313648,-0.04587019504708016,-0.20028155563955663,2024-06-11,2024-07-15,0.008019850478957185,56.41025641025641,64.1025641025641,64.1025641025641,82.05128205128204,82.05128205128204,66.28205128205128
Scheme_32,0.37106384724921426,0.2004532672042625,0.2000241780064711,0.8812162112684526,1.5739092302916806,0.22837464799190252,0.031051542784146076,-0.19619179761006222,2022-04-20,2022-09-08,0.02097934539741136,66.66666666666666,76.92307692307693,76.92307692307693,12.82051282051282,84.61538461538461,65.0
Scheme_34,0.0019428393302263203,0.15992516256613776,0.19555699607331745,0.7244986746430788,1.1672425664060972,0.19744305894966666,0.008318513165635427,-0.21193563708298957,2023-06-27,2024-08-27,0.014254837874910595,53.84615384615385,66.66666666666666,66.66666666666666,53.84615384615385,76.92307692307693,61.92307692307692
Scheme_40,0.2082843854572467,0.15593456404425665,0.11663265841173298,0.4725825374580211,0.8244466005413782,0.15598869405321972,-0.010106904792504813,-0.2353870329482014,2024-04-17,2024-10-24,0.007433762454169339,51.28205128205128,58.97435897435898,56.41025641025641,89.74358974358975,61.53846153846154,61.02564102564102
Scheme_28,0.2730793299139358,0.21927568935550323,0.11861297203157384,0.3366660952803688,0.5854556761990846,0.123645165249653,0.029181483187054092,-0.2810386628229906,2021-08-04,2022-03-28,0.0051536924594835455,69.23076923076923,48.717948717948715,46.15384615384615,100.0,35.8974358974359,60.76923076923077
Scheme_30,0.06674225085548002,0.36861618812565666,0.12223043334425565,0.35992123760345557,0.6309741083554059,0.13730681730152478,-0.026954885397241782,-0.40100198482017535,2021-06-09,2022-06-15,0.014440757355067491,94.87179487179486,51.28205128205128,51.28205128205128,48.717948717948715,12.82051282051282,60.128205128205124
Scheme_39,0.14059864430828117,0.13421022492367984,0.11678657411344506,0.31586256618607134,0.5119479903995292,0.12062519618353013,0.01937965168794992,-0.2585249526551594,2021-09-09,2022-07-29,0.007831492788666272,46.15384615384615,43.58974358974359,43.58974358974359,84.61538461538461,48.717948717948715,51.025641025641036
Scheme_35,-0.0020255862308093953,0.10463460731995,0.11312914177977018,0.5470379939479781,0.9123529567911904,0.16173505807360827,0.028457024308107506,-0.2691562645331751,2025-08-04,2026-04-06,0.011092734183474538,30.76923076923077,61.53846153846154,61.53846153846154,66.66666666666666,38.46153846153847,50.76923076923077
Scheme_18,0.6610031745805032,0.2667729805653245,0.06357363899945123,0.06067777742166452,0.10445118252660324,0.07303954635569104,0.02267824788412375,-0.45515731305767326,2021-07-28,2022-08-12,0.0062468863838176895,82.05128205128204,23.076923076923077,23.076923076923077,97.43589743589743,5.128205128205128,50.128205128205124
Scheme_10,0.021446127172105145,0.09669494265001877,0.1316984138581594,0.31789894668327967,0.5342661470893797,0.12625532568975537,-0.008368393867792513,-0.22564373025955997,2023-08-16,2024-08-15,0.008179551480936041,28.205128205128204,46.15384615384615,48.717948717948715,79.48717948717949,71.7948717948718,48.846153846153854
Scheme_15,0.10464870984516894,0.12009999996866849,0.14705409742314468,0.45761412496249004,0.8165818675136556,0.1560376361387558,-0.023578432458914847,-0.2579113868276418,2023-09-26,2024-01-26,0.01692710796953416,41.02564102564102,56.41025641025641,58.97435897435898,30.76923076923077,51.28205128205128,47.94871794871794
Scheme_6,0.20921383509461777,0.11344427043459815,0.07516603972147373,0.17968304364332927,0.3107296999110509,0.09982177397846557,0.006376824173961517,-0.24305047906387856,2024-10-28,2025-11-06,0.006742174962095504,38.46153846153847,33.33333333333333,33.33333333333333,94.87179487179486,58.97435897435898,46.666666666666664
Scheme_8,0.3494864538389755,0.0835313531455093,0.0669192894250259,0.12194149529049303,0.20387210594765828,0.080963616422511,0.03817539940188439,-0.2274867763248044,2024-12-02,2025-05-12,0.007289223919084522,23.076923076923077,28.205128205128204,28.205128205128204,92.3076923076923,66.66666666666666,40.128205128205124
Scheme_9,0.5608066277155146,0.19121017793433093,0.053112993360506566,0.05826256657557474,0.09732598044717661,0.06986326646446965,0.03734249662027439,-0.30892105797756564,2021-08-05,2023-06-01,0.012511986161783922,61.53846153846154,20.51282051282051,20.51282051282051,64.1025641025641,25.64102564102564,39.87179487179487
Scheme_12,0.10874954366548173,0.11293634709977374,0.12211147410243317,0.41250459715053495,0.6682289214045007,0.15444961359917717,-0.059335477010408595,-0.2594411019629782,2024-12-09,2025-04-22,0.022986922409653304,35.8974358974359,53.84615384615385,53.84615384615385,0.0,46.15384615384615,39.61538461538461
Scheme_22,0.05596169050394839,-0.03065245660696747,0.0770613904258739,0.20614447472506991,0.3546352733336855,0.10430736641142785,0.002624827311688901,-0.2510131871427662,2023-12-08,2025-06-24,0.008180081590221662,7.6923076923076925,35.8974358974359,35.8974358974359,76.92307692307693,56.41025641025641,35.64102564102564
Scheme_36,-0.06782618720398947,-0.005252684720728262,0.07991314469402933,0.22770218335354472,0.37980218157305556,0.11122738080689913,-0.015162492361545384,-0.2883381929216299,2025-03-25,2026-04-06,0.013028673191378383,12.82051282051282,41.02564102564102,38.46153846153847,61.53846153846154,30.76923076923077,34.1025641025641
Scheme_3,-0.14536763885382098,0.10541117174789938,0.06914794845286121,0.22691986638305314,0.3896552512319812,0.11232882386789039,-0.02219973981182723,-0.3625990139486579,2025-09-03,2026-05-04,0.020576728383493465,33.33333333333333,38.46153846153847,41.02564102564102,20.51282051282051,23.076923076923077,33.205128205128204
Scheme_37,0.3541412284606482,0.1711612842355319,0.01935311465658418,-0.1199859456318058,-0.20327570150728208,0.032254532870910235,0.058604834834596414,-0.530659879082871,2021-09-07,2022-09-30,0.015812496235946813,58.97435897435898,12.82051282051282,10.256410256410255,41.02564102564102,0.0,29.102564102564102
Scheme_4,0.1845677955635847,0.1308985417904318,0.017715851700098817,-0.08244459798570108,-0.1324269371671965,0.04909055068378949,0.0018667855139204183,-0.3927984946520745,2021-09-02,2023-06-14,0.018841143097420066,43.58974358974359,15.384615384615385,15.384615384615385,25.64102564102564,15.384615384615385,25.384615384615387
Scheme_29,-0.17360887845826067,-0.02204760995827726,0.040352366692993025,-0.0585269719561513,-0.09895071910585312,0.051447425288382795,0.017883756223906058,-0.30658315168618644,2025-06-04,2026-04-10,0.010503096135811043,10.256410256410255,17.94871794871795,17.94871794871795,69.23076923076923,28.205128205128204,24.358974358974358
Scheme_21,-0.09223123187625692,-0.04832084836521089,0.09271427186345971,0.16580869351586244,0.28009779187184825,0.09098872743022769,0.03261118052816319,-0.36369942768608277,2025-01-10,2025-11-14,0.01598904289960358,2.564102564102564,30.76923076923077,30.76923076923077,38.46153846153847,20.51282051282051,22.435897435897438
Scheme_19,-0.007262857318230287,0.02489577257389186,-0.0006526403066883235,-0.2506212839618955,-0.4147743986178064,0.022625799932190542,-0.01122744977843305,-0.28312044720874296,2021-07-21,2023-02-21,0.01440786314230336,20.51282051282051,7.6923076923076925,7.6923076923076925,51.28205128205128,33.33333333333333,20.64102564102564
Scheme_16,0.1280472999405784,0.0036825796191730653,0.046402384963587284,0.08939270932967706,0.14683474795790685,0.0798195210958605,0.014761850203700466,-0.2642795175529039,2022-08-05,2025-06-16,0.022818481729516556,15.384615384615385,25.64102564102564,25.64102564102564,2.564102564102564,41.02564102564102,20.64102564102564
Scheme_23,-0.0478825911944758,0.09127856819086788,0.029729546497899495,-0.14170633343104305,-0.24007197023774796,0.03811924792246615,-0.00144506443068011,-0.37239658648646246,2021-06-15,2022-12-13,0.02066825946657174,25.64102564102564,10.256410256410255,12.82051282051282,17.94871794871795,17.94871794871795,17.307692307692307
Scheme_5,-0.057235837803276235,0.021521135597924124,-0.017834836695237666,-0.28081548369463,-0.479119522105956,0.012419040617588832,-0.009040885581357076,-0.44443587010250063,2021-09-28,2024-02-23,0.014215213693228836,17.94871794871795,5.128205128205128,5.128205128205128,56.41025641025641,7.6923076923076925,16.923076923076923
Scheme_25,-0.03220393968252144,-0.09886797770569256,-0.08178781641126343,-0.6100818711974628,-1.0154384074296865,-0.05696890213184159,0.027547791234010275,-0.4604633413604887,2023-10-06,2025-07-29,0.0095970586746161,0.0,0.0,0.0,71.7948717948718,2.564102564102564,11.025641025641026
Scheme_27,-0.14143303111671301,-0.03512618811030854,-0.0703658474805684,-0.5248770682010481,-0.8753933772349685,-0.033181913099430846,-0.026014753415854772,-0.4164633824953704,2022-01-28,2026-05-18,0.020806564173737035,5.128205128205128,2.564102564102564,2.564102564102564,15.384615384615385,10.256410256410255,6.0256410256410255
